{"assets/images/agri4-1.jpg":["assets/images/agri4-1.jpg"],"assets/images/agri4-2.jpg":["assets/images/agri4-2.jpg"],"assets/images/cotton.svg":["assets/images/cotton.svg"],"assets/images/fruits.svg":["assets/images/fruits.svg"],"assets/images/icon.png":["assets/images/icon.png"],"assets/images/logo.png":["assets/images/logo.png"],"assets/images/logo.svg":["assets/images/logo.svg"],"assets/images/maize.svg":["assets/images/maize.svg"],"assets/images/rice.svg":["assets/images/rice.svg"],"assets/images/sugarcane.svg":["assets/images/sugarcane.svg"],"assets/images/tractor.svg":["assets/images/tractor.svg"],"assets/images/vegetables.svg":["assets/images/vegetables.svg"],"assets/images/wheat.svg":["assets/images/wheat.svg"],"packages/cupertino_icons/assets/CupertinoIcons.ttf":["packages/cupertino_icons/assets/CupertinoIcons.ttf"],"packages/flutter_map/lib/assets/flutter_map_logo.png":["packages/flutter_map/lib/assets/flutter_map_logo.png"]}